month,district,t2m,tp,u10,v10
2024-08,Idukki,293.0735147165698,0.010247399640637775,0.42296644698741825,-0.038871388102686685
2024-08,Palakkad,295.89254662298384,0.0070051945024921045,0.685026599514869,0.3943729092997889
2024-08,Thrissur,296.8811598557692,0.00973741366313054,0.267117793743427,0.06344362405630258
