month,district,t2m,tp,u10,v10
2024-09,Idukki,292.55087209302326,0.006121276422988537,0.4637189022330351,-0.12911916333575582
2024-09,Palakkad,295.67779737903226,0.004238353140892521,0.7936940962268461,0.48808042464717744
2024-09,Thrissur,296.7221867487981,0.006330525072721334,0.5719732137826773,-0.31004920372596156
