month,district,t2m,tp,u10,v10
2024-07,Idukki,293.24096111918607,0.017450688883315687,1.0571739729060683,-0.11928400882454805
2024-07,Palakkad,295.8262663810484,0.01811730477117723,1.2774554837134577,0.6057986597861013
2024-07,Thrissur,296.9443547175481,0.021878595535571758,0.9700376070462741,0.014302840599646935
